material_no;title;subtitle;body;image;products
001;Coton;{:en}White{:}{:fr}Blanc{:};{:en}100% cotton {:}{:fr}100% coton  {:};https://elementdebase.com/wp-content/uploads/2016/02/large-15.jpg;225,261,299,337,374,413,481,515,548,583,621,659,692,727,765,803,838,873,911,944,977,1010,1048,1086,1125,1164,1666,1679,1701,1749,1762,1787,1991,2013,2141,2148,2177,2701,2779,3074,3096,3117,3135,3157,3175,3198,3220,3238,3260,3282,3307,3333,3359,3385,3411,3431,3457,3477,3503,3525,3547,3568,3589,3607,3629,3647,3670,3692,3710,3732,3754,3779,3805,3831,3857,3883,3903,3929,3949,3975,3997,4019,4040,4061,4079,4101,4119,4142,4164,4182,4204,4226,4251,4277,4303,4329,4355,4375,4401,4421,4447,4469,4491,4512,4533,4551,4573,4591,4614,4636,4654,4676,4698,4723,4749,4775,4801,4827,4847,4873,4893,4919,4941,4963,4984,5005,5023,5045,5063,5086,5108,5126,5148,5170,5195,5221,5247,5273,5299,5319,5345,5365,5391,5413,5435,5456,5477,5495,5517,5535,5558,5580,5598,5620,5642,5667,5693,5719,5745,5771,5791,5817,5837,5863,5885,5907,5928,5949,5967,5989,6007,6030,6052,6070,6092,6114,6139,6165,6191,6217,6243,6263,6289,6309,6335,6357,6379,6400,6421,6439,6461,6479,6502,6524,6542,6564,6586,6611,6637,6663,6689,6715,6735,6761,6781,6807,6829,6851,6872,6893,6911,6933,6951,6974,6996,7014,7036,7058,7083,7109,7135,7161,7187,7207,7233,7253,7279,7301,7323,7344,7365,7383,7405,7423,7446,7468,7486,7508,7530,7555,7581,7607,7633,7659,7679,7705,7725,7751,7773,7795,8240,8253,8266,8279,8292,8305,8318,8331,8344,8357,8370,8383,8396,8409,8422,8435,8448,9161,9172,9183,9194,9289,9364,9575
002;Linen;{:en}Natural{:}{:fr}Naturel{:};{:en}40% viscose|20% linen | 20% polyester |  20% cotton {:}{:fr}40% viscose|  20% lin|  20% polyester|  20% coton  {:};https://elementdebase.com/wp-content/uploads/2016/02/large-16.jpg;227,263,301,339,378,416,450,483,517,550,585,623,661,694,729,767,805,840,875,913,946,979,1012,1050,1088,1127,1166,1665,1678,1700,1722,1748,1761,1786,1990,2012,2140,2159,2176,2700,2778,3075,3097,3118,3136,3158,3176,3199,3221,3239,3261,3283,3308,3334,3360,3386,3412,3432,3458,3478,3504,3526,3548,3569,3590,3608,3630,3648,3671,3693,3711,3733,3755,3780,3806,3832,3858,3884,3904,3930,3950,3976,3998,4020,4041,4062,4080,4102,4120,4143,4165,4183,4205,4227,4252,4278,4304,4330,4356,4376,4402,4422,4448,4470,4492,4513,4534,4552,4574,4592,4615,4637,4655,4677,4699,4724,4750,4776,4802,4828,4848,4874,4894,4920,4942,4964,4985,5006,5024,5046,5064,5087,5109,5127,5149,5171,5196,5222,5248,5274,5300,5320,5346,5366,5392,5414,5436,5457,5478,5496,5518,5536,5559,5581,5599,5621,5643,5668,5694,5720,5746,5772,5792,5818,5838,5864,5886,5908,5929,5950,5968,5990,6008,6031,6053,6071,6093,6115,6140,6166,6192,6218,6244,6264,6290,6310,6336,6358,6380,6401,6422,6440,6462,6480,6503,6525,6543,6565,6587,6612,6638,6664,6690,6716,6736,6762,6782,6808,6830,6852,6873,6894,6912,6934,6952,6975,6997,7015,7037,7059,7084,7110,7136,7162,7188,7208,7234,7254,7280,7302,7324,7345,7366,7384,7406,7424,7447,7469,7487,7509,7531,7556,7582,7608,7634,7660,7680,7706,7726,7752,7774,7796,8022,8239,8252,8265,8278,8291,8304,8317,8330,8343,8356,8369,8382,8395,8408,8421,8434,8447,9160,9171,9182,9193,9288,9363,9574
003;Linen;{:en}Charcoal{:}{:fr}Anthracite{:};{:en}40% viscose|20% linen |20% polyester |20% cotton {:}{:fr}40% viscose | 20% lin | 20% polyester  |20% coton  {:};https://elementdebase.com/wp-content/uploads/2016/02/large-17.jpg;229,265,303,341,380,419,485,519,552,587,625,663,696,731,769,807,842,877,915,948,981,1014,1052,1090,1129,1168,1664,1677,1699,1747,1760,1785,1989,2011,2139,2158,2175,2699,2777,3076,3098,3119,3137,3159,3177,3200,3222,3240,3262,3284,3309,3335,3361,3387,3413,3433,3459,3479,3505,3527,3549,3570,3591,3609,3631,3649,3672,3694,3712,3734,3756,3781,3807,3833,3859,3885,3905,3931,3951,3977,3999,4021,4042,4063,4081,4103,4121,4144,4166,4184,4206,4228,4253,4279,4305,4331,4357,4377,4403,4423,4449,4471,4493,4514,4535,4553,4575,4593,4616,4638,4656,4678,4700,4725,4751,4777,4803,4829,4849,4875,4895,4921,4943,4965,4986,5007,5025,5047,5065,5088,5110,5128,5150,5172,5197,5223,5249,5275,5301,5321,5347,5367,5393,5415,5437,5458,5479,5497,5519,5537,5560,5582,5600,5622,5644,5669,5695,5721,5747,5773,5793,5819,5839,5865,5887,5909,5930,5951,5969,5991,6009,6032,6054,6072,6094,6116,6141,6167,6193,6219,6245,6265,6291,6311,6337,6359,6381,6402,6423,6441,6463,6481,6504,6526,6544,6566,6588,6613,6639,6665,6691,6717,6737,6763,6783,6809,6831,6853,6874,6895,6913,6935,6953,6976,6998,7016,7038,7060,7085,7111,7137,7163,7189,7209,7235,7255,7281,7303,7325,7346,7367,7385,7407,7425,7448,7470,7488,7510,7532,7557,7583,7609,7635,7661,7681,7707,7727,7753,7775,7797,8238,8251,8264,8277,8290,8303,8316,8329,8342,8355,8368,8381,8394,8407,8420,8433,8446,9159,9170,9181,9192,9287,9362,9573
004;Epingle;{:en}Grey{:}{:fr}Gris{:};{:en}76% cotton|24% acrylic {:}{:fr}76% coton|  24% acrylique  {:};https://elementdebase.com/wp-content/uploads/2016/02/large-19.jpg;231,267,305,343,383,421,454,487,521,554,589,627,665,698,733,771,809,844,879,917,950,983,1016,1054,1092,1131,1170,1663,1676,1698,1720,1746,1759,1784,1988,2010,2138,2157,2174,2698,2776,3077,3099,3120,3138,3160,3178,3201,3223,3241,3263,3285,3310,3336,3362,3388,3414,3434,3460,3480,3506,3528,3550,3571,3592,3610,3632,3650,3673,3695,3713,3735,3757,3782,3808,3834,3860,3886,3906,3932,3952,3978,4000,4022,4043,4064,4082,4104,4122,4145,4167,4185,4207,4229,4254,4280,4306,4332,4358,4378,4404,4424,4450,4472,4494,4515,4536,4554,4576,4594,4617,4639,4657,4679,4701,4726,4752,4778,4804,4830,4850,4876,4896,4922,4944,4966,4987,5008,5026,5048,5066,5089,5111,5129,5151,5173,5198,5224,5250,5276,5302,5322,5348,5368,5394,5416,5438,5459,5480,5498,5520,5538,5561,5583,5601,5623,5645,5670,5696,5722,5748,5774,5794,5820,5840,5866,5888,5910,5931,5952,5970,5992,6010,6033,6055,6073,6095,6117,6142,6168,6194,6220,6246,6266,6292,6312,6338,6360,6382,6403,6424,6442,6464,6482,6505,6527,6545,6567,6589,6614,6640,6666,6692,6718,6738,6764,6784,6810,6832,6854,6875,6896,6914,6936,6954,6977,6999,7017,7039,7061,7086,7112,7138,7164,7190,7210,7236,7256,7282,7304,7326,7347,7368,7386,7408,7426,7449,7471,7489,7511,7533,7558,7584,7610,7636,7662,7682,7708,7728,7754,7776,7798,8237,8250,8263,8276,8289,8302,8315,8328,8341,8354,8367,8380,8393,8406,8419,8432,8445,9061,9079,9105,9107,9129,9131,9361,9572,9614,9763
005;Epingle;{:en}Grey{:}{:fr}Gris{:};{:en}76% cotton|24% acrylic {:}{:fr}76% coton|  24% acrylique  {:};https://elementdebase.com/wp-content/uploads/2016/02/large-19.jpg;233,269,308,346,385,423,456,489,523,556,591,629,667,700,735,773,811,846,881,919,952,985,1018,1056,1094,1133,1172,1662,1675,1697,1719,1745,1758,1783,1987,2009,2137,2156,2173,2697,2775,3078,3100,3121,3139,3161,3179,3202,3224,3242,3264,3286,3311,3337,3363,3389,3415,3435,3461,3481,3507,3529,3551,3572,3593,3611,3633,3651,3674,3696,3714,3736,3758,3783,3809,3835,3861,3887,3907,3933,3953,3979,4001,4023,4044,4065,4083,4105,4123,4146,4168,4186,4208,4230,4255,4281,4307,4333,4359,4379,4405,4425,4451,4473,4495,4516,4537,4555,4577,4595,4618,4640,4658,4680,4702,4727,4753,4779,4805,4831,4851,4877,4897,4923,4945,4967,4988,5009,5027,5049,5067,5090,5112,5130,5152,5174,5199,5225,5251,5277,5303,5323,5349,5369,5395,5417,5439,5460,5481,5499,5521,5539,5562,5584,5602,5624,5646,5671,5697,5723,5749,5775,5795,5821,5841,5867,5889,5911,5932,5953,5971,5993,6011,6034,6056,6074,6096,6118,6143,6169,6195,6221,6247,6267,6293,6313,6339,6361,6383,6404,6425,6443,6465,6483,6506,6528,6546,6568,6590,6615,6641,6667,6693,6719,6739,6765,6785,6811,6833,6855,6876,6897,6915,6937,6955,6978,7000,7018,7040,7062,7087,7113,7139,7165,7191,7211,7237,7257,7283,7305,7327,7348,7369,7387,7409,7427,7450,7472,7490,7512,7534,7559,7585,7611,7637,7663,7683,7709,7729,7755,7777,7799,8078,8236,8249,8262,8275,8288,8301,8314,8327,8340,8353,8366,8379,8392,8405,8418,8431,8444,9063,9078,9158,9169,9180,9191,9286,9360,9571,9762
006;Flannel;{:en}Charcoal{:}{:fr}Anthracite{:};{:en}2% SPA|88% polyester |10% viscose {:}{:fr}2% SPA|  88% polyester | 10% viscose  {:};https://elementdebase.com/wp-content/uploads/2016/02/large-20.jpg;235,271,310,348,387,425,458,491,525,558,593,631,669,702,737,775,813,848,883,921,954,987,1020,1058,1096,1135,1174,1661,1674,1696,1718,1744,1757,1782,1986,2008,2136,2155,2172,2696,2774,3079,3101,3122,3140,3162,3180,3203,3225,3243,3265,3287,3312,3338,3364,3390,3416,3436,3462,3482,3508,3530,3552,3573,3594,3612,3634,3652,3675,3697,3715,3737,3759,3784,3810,3836,3862,3888,3908,3934,3954,3980,4002,4024,4045,4066,4084,4106,4124,4147,4169,4187,4209,4231,4256,4282,4308,4334,4360,4380,4406,4426,4452,4474,4496,4517,4538,4556,4578,4596,4619,4641,4659,4681,4703,4728,4754,4780,4806,4832,4852,4878,4898,4924,4946,4968,4989,5010,5028,5050,5068,5091,5113,5131,5153,5175,5200,5226,5252,5278,5304,5324,5350,5370,5396,5418,5440,5461,5482,5500,5522,5540,5563,5585,5603,5625,5647,5672,5698,5724,5750,5776,5796,5822,5842,5868,5890,5912,5933,5954,5972,5994,6012,6035,6057,6075,6097,6119,6144,6170,6196,6222,6248,6268,6294,6314,6340,6362,6384,6405,6426,6444,6466,6484,6507,6529,6547,6569,6591,6616,6642,6668,6694,6720,6740,6766,6786,6812,6834,6856,6877,6898,6916,6938,6956,6979,7001,7019,7041,7063,7088,7114,7140,7166,7192,7212,7238,7258,7284,7306,7328,7349,7370,7388,7410,7428,7451,7473,7491,7513,7535,7560,7586,7612,7638,7664,7684,7710,7730,7756,7778,7800,8021,8235,8248,8261,8274,8287,8300,8313,8326,8339,8352,8365,8378,8391,8404,8417,8430,8443,9065,9077,9157,9168,9179,9190,9359,9570,9761
007;Canevas;{:en}Deep Red{:}{:fr}Bourgogne{:};{:en}70% cotton|30% linen {:}{:fr}70% coton|  30% lin  {:};https://elementdebase.com/wp-content/uploads/2016/02/large-21.jpg;237,273,312,350,389,427,460,493,527,560,595,633,671,704,739,777,815,850,885,923,956,989,1022,1060,1660,1673,1743,1756,1781,1985,2007,2135,2154,2171,2695,2773,3080,3102,3123,3141,3163,3181,3204,3226,3244,3266,3288,3313,3339,3365,3391,3417,3437,3463,3483,3509,3531,3553,3574,3595,3613,3635,3653,3676,3698,3716,3738,3760,3785,3811,3837,3863,3889,3909,3935,3955,3981,4003,4025,4046,4067,4085,4107,4125,4148,4170,4188,4210,4232,4257,4283,4309,4335,4361,4381,4407,4427,4453,4475,4497,4518,4539,4557,4579,4597,4620,4642,4660,4682,4704,4729,4755,4781,4807,4833,4853,4879,4899,4925,4947,4969,4990,5011,5029,5051,5069,5092,5114,5132,5154,5176,5201,5227,5253,5279,5305,5325,5351,5371,5397,5419,5441,5462,5483,5501,5523,5541,5564,5586,5604,5626,5648,5673,5699,5725,5751,5777,5797,5823,5843,5869,5891,5913,5934,5955,5973,5995,6013,6036,6058,6076,6098,6120,6145,6171,6197,6223,6249,6269,6295,6315,6341,6363,6385,6406,6427,6445,6467,6485,6508,6530,6548,6570,6592,6617,6643,6669,6695,6721,6741,6767,6787,6813,6835,6857,6878,6899,6917,6939,6957,6980,7002,7020,7042,7064,7089,7115,7141,7167,7193,7213,7239,7259,7285,7307,7329,7350,7371,7389,7411,7429,7452,7474,7492,7514,7536,7561,7587,7613,7639,7665,7685,7711,7731,7757,7779,7801,8013,8234,8247,8260,8273,8286,8299,8312,8325,8338,8351,8364,8377,8390,8403,8416,8429,8442,9156,9167,9285,9358,9569
008;Canevas;{:en}Yellow{:}{:fr}Jaune{:};{:en}70% cotton|30% linen {:}{:fr}70% coton|  30% lin  {:};https://elementdebase.com/wp-content/uploads/2016/02/large-22.jpg;239,275,314,352,391,429,462,495,529,562,597,635,673,706,741,779,817,852,887,925,958,991,1024,1062,1101,1659,1672,1694,1716,1742,1755,1780,1984,2006,2134,2153,2170,2694,2772,3081,3103,3124,3142,3164,3182,3205,3227,3245,3267,3289,3314,3340,3366,3392,3418,3438,3464,3484,3510,3532,3554,3575,3596,3614,3636,3654,3677,3699,3717,3739,3761,3786,3812,3838,3864,3890,3910,3936,3956,3982,4004,4026,4047,4068,4086,4108,4126,4149,4171,4189,4211,4233,4258,4284,4310,4336,4362,4382,4408,4428,4454,4476,4498,4519,4540,4558,4580,4598,4621,4643,4661,4683,4705,4730,4756,4782,4808,4834,4854,4880,4900,4926,4948,4970,4991,5012,5030,5052,5070,5093,5115,5133,5155,5177,5202,5228,5254,5280,5306,5326,5352,5372,5398,5420,5442,5463,5484,5502,5524,5542,5565,5587,5605,5627,5649,5674,5700,5726,5752,5778,5798,5824,5844,5870,5892,5914,5935,5956,5974,5996,6014,6037,6059,6077,6099,6121,6146,6172,6198,6224,6250,6270,6296,6316,6342,6364,6386,6407,6428,6446,6468,6486,6509,6531,6549,6571,6593,6618,6644,6670,6696,6722,6742,6768,6788,6814,6836,6858,6879,6900,6918,6940,6958,6981,7003,7021,7043,7065,7090,7116,7142,7168,7194,7214,7240,7260,7286,7308,7330,7351,7372,7390,7412,7430,7453,7475,7493,7515,7537,7562,7588,7614,7640,7666,7686,7712,7732,7758,7780,7802,8233,8246,8259,8272,8285,8298,8311,8324,8337,8350,8363,8376,8389,8402,8415,8428,8441,9155,9166,9177,9188,9284,9357,9568
009;Velvet;{:en}Olive{:}{:fr}Olive{:};{:en}89% cotton|11% polyester {:}{:fr}89% coton|  11% polyester  {:};https://elementdebase.com/wp-content/uploads/2016/02/large-23.jpg;241,277,317,354,393,431,464,497,531,564,599,637,675,708,743,781,819,854,889,927,960,993,1026,1064,1103,1142,1181,1658,1671,1693,1715,1741,1754,1779,1983,2005,2133,2152,2169,2693,2771,3082,3104,3125,3143,3165,3183,3206,3228,3246,3268,3290,3315,3341,3367,3393,3419,3439,3465,3485,3511,3533,3555,3576,3597,3615,3637,3655,3678,3700,3718,3740,3762,3787,3813,3839,3865,3891,3911,3937,3957,3983,4005,4027,4048,4069,4087,4109,4127,4150,4172,4190,4212,4234,4259,4285,4311,4337,4363,4383,4409,4429,4455,4477,4499,4520,4541,4559,4581,4599,4622,4644,4662,4684,4706,4731,4757,4783,4809,4835,4855,4881,4901,4927,4949,4971,4992,5013,5031,5053,5071,5094,5116,5134,5156,5178,5203,5229,5255,5281,5307,5327,5353,5373,5399,5421,5443,5464,5485,5503,5525,5543,5566,5588,5606,5628,5650,5675,5701,5727,5753,5779,5799,5825,5845,5871,5893,5915,5936,5957,5975,5997,6015,6038,6060,6078,6100,6122,6147,6173,6199,6225,6251,6271,6297,6317,6343,6365,6387,6408,6429,6447,6469,6487,6510,6532,6550,6572,6594,6619,6645,6671,6697,6723,6743,6769,6789,6815,6837,6859,6880,6901,6919,6941,6959,6982,7004,7022,7044,7066,7091,7117,7143,7169,7195,7215,7241,7261,7287,7309,7331,7352,7373,7391,7413,7431,7454,7476,7494,7516,7538,7563,7589,7615,7641,7667,7687,7713,7733,7759,7781,7803,8232,8245,8258,8271,8284,8297,8310,8323,8336,8349,8362,8375,8388,8401,8414,8427,8440,9154,9165,9176,9187,9356,9567
010;Canevas;{:en}Mossy{:}{:fr}Menthe{:};{:en}70% cotton|30% linen {:}{:fr}70% coton|  30% lin  {:};https://elementdebase.com/wp-content/uploads/2016/02/large-24.jpg;243,279,319,356,396,433,466,499,533,566,601,639,677,710,745,783,822,856,891,929,962,995,1028,1066,1105,1144,1183,1657,1670,1692,1714,1740,1753,1778,1982,2004,2132,2151,2168,2692,2770,3083,3105,3126,3144,3166,3184,3207,3229,3247,3269,3291,3316,3342,3368,3394,3420,3440,3466,3486,3512,3534,3556,3577,3598,3616,3638,3656,3679,3701,3719,3741,3763,3788,3814,3840,3866,3892,3912,3938,3958,3984,4006,4028,4049,4070,4088,4110,4128,4151,4173,4191,4213,4235,4260,4286,4312,4338,4364,4384,4410,4430,4456,4478,4500,4521,4542,4560,4582,4600,4623,4645,4663,4685,4707,4732,4758,4784,4810,4836,4856,4882,4902,4928,4950,4972,4993,5014,5032,5054,5072,5095,5117,5135,5157,5179,5204,5230,5256,5282,5308,5328,5354,5374,5400,5422,5444,5465,5486,5504,5526,5544,5567,5589,5607,5629,5651,5676,5702,5728,5754,5780,5800,5826,5846,5872,5894,5916,5937,5958,5976,5998,6016,6039,6061,6079,6101,6123,6148,6174,6200,6226,6252,6272,6298,6318,6344,6366,6388,6409,6430,6448,6470,6488,6511,6533,6551,6573,6595,6620,6646,6672,6698,6724,6744,6770,6790,6816,6838,6860,6881,6902,6920,6942,6960,6983,7005,7023,7045,7067,7092,7118,7144,7170,7196,7216,7242,7262,7288,7310,7332,7353,7374,7392,7414,7432,7455,7477,7495,7517,7539,7564,7590,7616,7642,7668,7688,7714,7734,7760,7782,7804,8231,8244,8257,8270,8283,8296,8309,8322,8335,8348,8361,8374,8387,8400,8413,8426,8439,9153,9164,9175,9186,9283,9355,9566
011;Tissage;{:en}Turqoise{:}{:fr}Turquoise{:};{:en}10% cotton|12% polyester| 24% linen |54% viscose {:}{:fr}10% coton | 12% polyester | 24% lin | 54% viscose  {:};https://elementdebase.com/wp-content/uploads/2016/02/large-25.jpg;245,281,321,358,398,435,468,501,535,568,603,641,679,712,747,785,824,858,893,931,964,997,1030,1068,1107,1146,1185,1656,1669,1691,1713,1739,1752,1777,1981,2003,2131,2150,2167,2691,2769,3084,3106,3127,3145,3167,3185,3208,3230,3248,3270,3292,3317,3343,3369,3395,3421,3441,3467,3487,3513,3535,3557,3578,3599,3617,3639,3657,3680,3702,3720,3742,3764,3789,3815,3841,3867,3893,3913,3939,3959,3985,4007,4029,4050,4071,4089,4111,4129,4152,4174,4192,4214,4236,4261,4287,4313,4339,4365,4385,4411,4431,4457,4479,4501,4522,4543,4561,4583,4601,4624,4646,4664,4686,4708,4733,4759,4785,4811,4837,4857,4883,4903,4929,4951,4973,4994,5015,5033,5055,5073,5096,5118,5136,5158,5180,5205,5231,5257,5283,5309,5329,5355,5375,5401,5423,5445,5466,5487,5505,5527,5545,5568,5590,5608,5630,5652,5677,5703,5729,5755,5781,5801,5827,5847,5873,5895,5917,5938,5959,5977,5999,6017,6040,6062,6080,6102,6124,6149,6175,6201,6227,6253,6273,6299,6319,6345,6367,6389,6410,6431,6449,6471,6489,6512,6534,6552,6574,6596,6621,6647,6673,6699,6725,6745,6771,6791,6817,6839,6861,6882,6903,6921,6943,6961,6984,7006,7024,7046,7068,7093,7119,7145,7171,7197,7217,7243,7263,7289,7311,7333,7354,7375,7393,7415,7433,7456,7478,7496,7518,7540,7565,7591,7617,7643,7669,7689,7715,7735,7761,7783,7805,8230,8243,8256,8269,8282,8295,8308,8321,8334,8347,8360,8373,8386,8399,8412,8425,8438,9152,9163,9174,9185,9282,9354,9565
012;Velvet;{:en}Deep Blue{:}{:fr}Bleu Marine{:};{:en}89% cotton|11% polyester {:}{:fr}89% coton|11% polyester  {:};https://elementdebase.com/wp-content/uploads/2016/02/large-28.jpg;247,283,324,360,400,437,470,503,537,570,605,643,681,714,749,787,826,860,895,933,967,1000,1032,1070,1109,1148,1187,1655,1668,1690,1712,1738,1751,1776,1980,2002,2130,2149,2166,2690,2768,3085,3107,3128,3146,3168,3186,3209,3231,3249,3271,3293,3318,3344,3370,3396,3422,3442,3468,3488,3514,3536,3558,3579,3600,3618,3640,3658,3681,3703,3721,3743,3765,3790,3816,3842,3868,3894,3914,3940,3960,3986,4008,4030,4051,4072,4090,4112,4130,4153,4175,4193,4215,4237,4262,4288,4314,4340,4366,4386,4412,4432,4458,4480,4502,4523,4544,4562,4584,4602,4625,4647,4665,4687,4709,4734,4760,4786,4812,4838,4858,4884,4904,4930,4952,4974,4995,5016,5034,5056,5074,5097,5119,5137,5159,5181,5206,5232,5258,5284,5310,5330,5356,5376,5402,5424,5446,5467,5488,5506,5528,5546,5569,5591,5609,5631,5653,5678,5704,5730,5756,5782,5802,5828,5848,5874,5896,5918,5939,5960,5978,6000,6018,6041,6063,6081,6103,6125,6150,6176,6202,6228,6254,6274,6300,6320,6346,6368,6390,6411,6432,6450,6472,6490,6513,6535,6553,6575,6597,6622,6648,6674,6700,6726,6746,6772,6792,6818,6840,6862,6883,6904,6922,6944,6962,6985,7007,7025,7047,7069,7094,7120,7146,7172,7198,7218,7244,7264,7290,7312,7334,7355,7376,7394,7416,7434,7457,7479,7497,7519,7541,7566,7592,7618,7644,7670,7690,7716,7736,7762,7784,7806,8229,8242,8255,8268,8281,8294,8307,8320,8333,8346,8359,8372,8385,8398,8411,8424,8437,9059,9076,9151,9162,9173,9184,9281,9353,9564,9760
013;n/a;n/a;n/a;n/a;n/a
014;{:en}FLEECE GREY 014{:}{:fr}FLEECE GRIS 014{:};;{:en}100% Polyester{:}{:fr}100% Polyester{:};https://elementdebase.com/wp-content/uploads/2016/08/64e9d0d2-5b11-11e6-9174-9d9ce365148e.jpg;1723,9280,9290,9291,9613
015;{:en}VELVET GREY 015{:}{:fr}VELVET GRIS 015{:};;{:en}90% cotton|10% polyester{:}{:fr}90% coton|10% polyester{:};https://elementdebase.com/wp-content/uploads/2016/08/0c5249ee-63e1-11e6-8551-20df0da7dfd2.jpg;1721,9382,9742
016;velvet;{:en}Pink{:}{:fr}Rose{:};{:fr}89% coton|11% polyester {:}{:en}89% cotton|11% polyester {:};https://elementdebase.com/wp-content/uploads/2016/09/cpink.jpg;448,1098,1717
017;proof;{:en}Light Grey{:}{:fr}Gris Pâle{:};{:fr}100% polyester {:}{:en}100% polyester {:};https://elementdebase.com/wp-content/uploads/2016/09/cgrey.jpg;1137,1177
018;proof;{:en}Dark Grey{:}{:fr}Gris Foncé{:};{:fr}100% polyester {:}{:en}100% polyester {:};https://elementdebase.com/wp-content/uploads/2016/09/cdarkgrey.jpg;452,1140,1179,1695
019;TWEED;{:en}Charcoal{:}{:fr}Anthracite{:};{:en}80% viscose|20% linen{:}{:fr}80% viscose|20% lin{:};https://elementdebase.com/wp-content/uploads/2016/10/223.jpg;10017,10018,10019
020;VELVET;{:en}red{:}{:fr}rouge{:};{:en}89% cotton|11% polyester{:}{:fr}89% coton|11% polyester{:};https://elementdebase.com/wp-content/uploads/2016/10/224.jpg;9178,9189,10024,10026
021;VELVET;{:en}dark grey{:}{:fr}gris foncé{:};{:en}89% cotton|11% polyester{:}{:fr}89% coton|11% polyester{:};https://elementdebase.com/wp-content/uploads/2016/10/225.jpg;
022;VELVET;{:en}Rust{:}{:fr}Rouille{:};{:en}89% cotton|11% polyester {:}{:fr}89% coton|11% polyester {:};https://elementdebase.com/wp-content/uploads/2016/10/226.jpg;10025,10027
023;FIZZ;{:en}Light Grey{:}{:fr}Gris Pâle{:};{:en}100% polyester {:}{:fr}100% polyester {:};https://elementdebase.com/wp-content/uploads/2016/10/227.jpg;10021,10023
024;FIZZ;{:en}Dark Grey{:}{:fr}Gris Foncé{:};{:en}100% polyester {:}{:fr}100% polyester {:};https://elementdebase.com/wp-content/uploads/2016/10/228.jpg;10022
025;n/a;n/a;n/a;n/a;n/a
026;n/a;n/a;n/a;n/a;n/a
027;n/a;n/a;n/a;n/a;n/a
028;n/a;n/a;n/a;n/a;n/a
029;n/a;n/a;n/a;n/a;n/a
030;n/a;n/a;n/a;n/a;n/a
031;n/a;n/a;n/a;n/a;n/a
032;n/a;n/a;n/a;n/a;n/a
033;n/a;n/a;n/a;n/a;n/a
034;n/a;n/a;n/a;n/a;n/a
035;n/a;n/a;n/a;n/a;n/a
036;n/a;n/a;n/a;n/a;n/a
037;n/a;n/a;n/a;n/a;n/a
038;n/a;n/a;n/a;n/a;n/a
039;n/a;n/a;n/a;n/a;n/a
040;n/a;n/a;n/a;n/a;n/a
041;n/a;n/a;n/a;n/a;n/a
042;n/a;n/a;n/a;n/a;n/a
043;n/a;n/a;n/a;n/a;n/a
044;n/a;n/a;n/a;n/a;n/a
045;n/a;n/a;n/a;n/a;n/a
046;n/a;n/a;n/a;n/a;n/a
047;n/a;n/a;n/a;n/a;n/a
048;n/a;n/a;n/a;n/a;n/a
049;n/a;n/a;n/a;n/a;n/a
050;n/a;n/a;n/a;n/a;n/a
051;;;;;212
052;;;;;203
053;;;;;196
054;;;;;188
055;;;;;180
056;;;;;172
057;;;;;165
058;;;;;156
059;;;;;147
060;n/a;n/a;n/a;n/a;n/a
061;n/a;n/a;n/a;n/a;n/a
062;;;;;139
063;;;;;130,1433
064;;;;;1439,8732,8935
065;n/a;n/a;n/a;n/a;n/a
066;n/a;n/a;n/a;n/a;n/a
067;n/a;n/a;n/a;n/a;n/a
068;n/a;n/a;n/a;n/a;n/a
069;n/a;n/a;n/a;n/a;n/a
070;n/a;n/a;n/a;n/a;n/a
071;n/a;n/a;n/a;n/a;n/a
072;n/a;n/a;n/a;n/a;n/a
073;n/a;n/a;n/a;n/a;n/a
074;n/a;n/a;n/a;n/a;n/a
075;n/a;n/a;n/a;n/a;n/a
076;n/a;n/a;n/a;n/a;n/a
077;n/a;n/a;n/a;n/a;n/a
078;n/a;n/a;n/a;n/a;n/a
079;n/a;n/a;n/a;n/a;n/a
080;n/a;n/a;n/a;n/a;n/a
081;n/a;n/a;n/a;n/a;n/a
082;n/a;n/a;n/a;n/a;n/a
083;n/a;n/a;n/a;n/a;n/a
084;n/a;n/a;n/a;n/a;n/a
085;n/a;n/a;n/a;n/a;n/a
086;n/a;n/a;n/a;n/a;n/a
087;n/a;n/a;n/a;n/a;n/a
088;n/a;n/a;n/a;n/a;n/a
089;n/a;n/a;n/a;n/a;n/a
090;n/a;n/a;n/a;n/a;n/a
091;n/a;n/a;n/a;n/a;n/a
092;n/a;n/a;n/a;n/a;n/a
093;n/a;n/a;n/a;n/a;n/a
094;n/a;n/a;n/a;n/a;n/a
095;n/a;n/a;n/a;n/a;n/a
096;n/a;n/a;n/a;n/a;n/a
097;n/a;n/a;n/a;n/a;n/a
098;n/a;n/a;n/a;n/a;n/a
099;n/a;n/a;n/a;n/a;n/a
100;n/a;n/a;n/a;n/a;n/a
101;;;;;103
102;;;;;97
103;;;;;89
104;;;;;81
105;;;;;73
106;;;;;67
107;;;;;2902
108;;;;;2907
109;;;;;7950
110;;;;;7958
111;n/a;n/a;n/a;n/a;n/a
112;n/a;n/a;n/a;n/a;n/a
113;n/a;n/a;n/a;n/a;n/a
114;n/a;n/a;n/a;n/a;n/a
115;n/a;n/a;n/a;n/a;n/a
116;n/a;n/a;n/a;n/a;n/a
117;n/a;n/a;n/a;n/a;n/a
118;n/a;n/a;n/a;n/a;n/a
119;n/a;n/a;n/a;n/a;n/a
120;n/a;n/a;n/a;n/a;n/a
121;n/a;n/a;n/a;n/a;n/a
122;n/a;n/a;n/a;n/a;n/a
123;n/a;n/a;n/a;n/a;n/a
124;n/a;n/a;n/a;n/a;n/a
125;n/a;n/a;n/a;n/a;n/a
126;n/a;n/a;n/a;n/a;n/a
127;n/a;n/a;n/a;n/a;n/a
128;n/a;n/a;n/a;n/a;n/a
129;n/a;n/a;n/a;n/a;n/a
130;n/a;n/a;n/a;n/a;n/a
131;n/a;n/a;n/a;n/a;n/a
132;n/a;n/a;n/a;n/a;n/a
133;n/a;n/a;n/a;n/a;n/a
134;n/a;n/a;n/a;n/a;n/a
135;n/a;n/a;n/a;n/a;n/a
136;n/a;n/a;n/a;n/a;n/a
137;n/a;n/a;n/a;n/a;n/a
138;n/a;n/a;n/a;n/a;n/a
139;n/a;n/a;n/a;n/a;n/a
140;n/a;n/a;n/a;n/a;n/a
141;n/a;n/a;n/a;n/a;n/a
142;n/a;n/a;n/a;n/a;n/a
143;n/a;n/a;n/a;n/a;n/a
144;n/a;n/a;n/a;n/a;n/a
145;n/a;n/a;n/a;n/a;n/a
146;n/a;n/a;n/a;n/a;n/a
147;n/a;n/a;n/a;n/a;n/a
148;n/a;n/a;n/a;n/a;n/a
149;n/a;n/a;n/a;n/a;n/a
150;n/a;n/a;n/a;n/a;n/a
151;;;;;2119,2127
152;;;;;2121,2123
153;;;;;2118
154;;;;;2120,2125
155;;;;;8941
156;n/a;n/a;n/a;n/a;n/a
157;;;;;8948
158;n/a;n/a;n/a;n/a;n/a
159;n/a;n/a;n/a;n/a;n/a
160;n/a;n/a;n/a;n/a;n/a
161;n/a;n/a;n/a;n/a;n/a
162;n/a;n/a;n/a;n/a;n/a
163;n/a;n/a;n/a;n/a;n/a
164;n/a;n/a;n/a;n/a;n/a
165;n/a;n/a;n/a;n/a;n/a
166;n/a;n/a;n/a;n/a;n/a
167;n/a;n/a;n/a;n/a;n/a
168;n/a;n/a;n/a;n/a;n/a
169;n/a;n/a;n/a;n/a;n/a
170;n/a;n/a;n/a;n/a;n/a
171;n/a;n/a;n/a;n/a;n/a
172;n/a;n/a;n/a;n/a;n/a
173;n/a;n/a;n/a;n/a;n/a
174;n/a;n/a;n/a;n/a;n/a
175;n/a;n/a;n/a;n/a;n/a
176;n/a;n/a;n/a;n/a;n/a
177;n/a;n/a;n/a;n/a;n/a
178;n/a;n/a;n/a;n/a;n/a
179;n/a;n/a;n/a;n/a;n/a
180;n/a;n/a;n/a;n/a;n/a
181;n/a;n/a;n/a;n/a;n/a
182;n/a;n/a;n/a;n/a;n/a
183;n/a;n/a;n/a;n/a;n/a
184;n/a;n/a;n/a;n/a;n/a
185;n/a;n/a;n/a;n/a;n/a
186;n/a;n/a;n/a;n/a;n/a
187;n/a;n/a;n/a;n/a;n/a
188;n/a;n/a;n/a;n/a;n/a
189;n/a;n/a;n/a;n/a;n/a
190;n/a;n/a;n/a;n/a;n/a
191;n/a;n/a;n/a;n/a;n/a
192;n/a;n/a;n/a;n/a;n/a
193;n/a;n/a;n/a;n/a;n/a
194;n/a;n/a;n/a;n/a;n/a
195;n/a;n/a;n/a;n/a;n/a
196;n/a;n/a;n/a;n/a;n/a
197;n/a;n/a;n/a;n/a;n/a
198;n/a;n/a;n/a;n/a;n/a
199;n/a;n/a;n/a;n/a;n/a
200;n/a;n/a;n/a;n/a;n/a
201;n/a;n/a;n/a;n/a;n/a
202;n/a;n/a;n/a;n/a;n/a
203;n/a;n/a;n/a;n/a;n/a
204;n/a;n/a;n/a;n/a;n/a
205;n/a;n/a;n/a;n/a;n/a
206;n/a;n/a;n/a;n/a;n/a
207;n/a;n/a;n/a;n/a;n/a
208;n/a;n/a;n/a;n/a;n/a
209;n/a;n/a;n/a;n/a;n/a
210;n/a;n/a;n/a;n/a;n/a
211;n/a;n/a;n/a;n/a;n/a
212;n/a;n/a;n/a;n/a;n/a
213;n/a;n/a;n/a;n/a;n/a
214;n/a;n/a;n/a;n/a;n/a
215;n/a;n/a;n/a;n/a;n/a
216;n/a;n/a;n/a;n/a;n/a
217;n/a;n/a;n/a;n/a;n/a
218;n/a;n/a;n/a;n/a;n/a
219;n/a;n/a;n/a;n/a;n/a
220;n/a;n/a;n/a;n/a;n/a
221;n/a;n/a;n/a;n/a;n/a
222;n/a;n/a;n/a;n/a;n/a
223;n/a;n/a;n/a;n/a;n/a
224;n/a;n/a;n/a;n/a;n/a
225;n/a;n/a;n/a;n/a;n/a
226;n/a;n/a;n/a;n/a;n/a
227;n/a;n/a;n/a;n/a;n/a
228;n/a;n/a;n/a;n/a;n/a
229;n/a;n/a;n/a;n/a;n/a
230;n/a;n/a;n/a;n/a;n/a
231;n/a;n/a;n/a;n/a;n/a
232;n/a;n/a;n/a;n/a;n/a
233;n/a;n/a;n/a;n/a;n/a
234;n/a;n/a;n/a;n/a;n/a
235;n/a;n/a;n/a;n/a;n/a
236;n/a;n/a;n/a;n/a;n/a
237;n/a;n/a;n/a;n/a;n/a
238;n/a;n/a;n/a;n/a;n/a
239;n/a;n/a;n/a;n/a;n/a
240;n/a;n/a;n/a;n/a;n/a
241;n/a;n/a;n/a;n/a;n/a
242;n/a;n/a;n/a;n/a;n/a
243;n/a;n/a;n/a;n/a;n/a
244;n/a;n/a;n/a;n/a;n/a
245;n/a;n/a;n/a;n/a;n/a
246;n/a;n/a;n/a;n/a;n/a
247;n/a;n/a;n/a;n/a;n/a
248;n/a;n/a;n/a;n/a;n/a
249;n/a;n/a;n/a;n/a;n/a
250;n/a;n/a;n/a;n/a;n/a
251;n/a;n/a;n/a;n/a;n/a
252;n/a;n/a;n/a;n/a;n/a
253;n/a;n/a;n/a;n/a;n/a
254;n/a;n/a;n/a;n/a;n/a
255;n/a;n/a;n/a;n/a;n/a
256;n/a;n/a;n/a;n/a;n/a
257;n/a;n/a;n/a;n/a;n/a
258;n/a;n/a;n/a;n/a;n/a
259;n/a;n/a;n/a;n/a;n/a
260;n/a;n/a;n/a;n/a;n/a
261;n/a;n/a;n/a;n/a;n/a
262;n/a;n/a;n/a;n/a;n/a
263;n/a;n/a;n/a;n/a;n/a
264;n/a;n/a;n/a;n/a;n/a
265;n/a;n/a;n/a;n/a;n/a
266;n/a;n/a;n/a;n/a;n/a
267;n/a;n/a;n/a;n/a;n/a
268;n/a;n/a;n/a;n/a;n/a
269;n/a;n/a;n/a;n/a;n/a
270;n/a;n/a;n/a;n/a;n/a
271;n/a;n/a;n/a;n/a;n/a
272;n/a;n/a;n/a;n/a;n/a
273;n/a;n/a;n/a;n/a;n/a
274;n/a;n/a;n/a;n/a;n/a
275;n/a;n/a;n/a;n/a;n/a
276;n/a;n/a;n/a;n/a;n/a
277;n/a;n/a;n/a;n/a;n/a
278;n/a;n/a;n/a;n/a;n/a
279;n/a;n/a;n/a;n/a;n/a
280;n/a;n/a;n/a;n/a;n/a
281;n/a;n/a;n/a;n/a;n/a
282;n/a;n/a;n/a;n/a;n/a
283;n/a;n/a;n/a;n/a;n/a
284;n/a;n/a;n/a;n/a;n/a
285;n/a;n/a;n/a;n/a;n/a
286;n/a;n/a;n/a;n/a;n/a
287;n/a;n/a;n/a;n/a;n/a
288;n/a;n/a;n/a;n/a;n/a
289;n/a;n/a;n/a;n/a;n/a
290;n/a;n/a;n/a;n/a;n/a
291;n/a;n/a;n/a;n/a;n/a
292;n/a;n/a;n/a;n/a;n/a
293;n/a;n/a;n/a;n/a;n/a
294;n/a;n/a;n/a;n/a;n/a
295;n/a;n/a;n/a;n/a;n/a
296;n/a;n/a;n/a;n/a;n/a
297;n/a;n/a;n/a;n/a;n/a
298;n/a;n/a;n/a;n/a;n/a
299;n/a;n/a;n/a;n/a;n/a
300;n/a;n/a;n/a;n/a;n/a
301;n/a;n/a;n/a;n/a;n/a
302;n/a;n/a;n/a;n/a;n/a
303;n/a;n/a;n/a;n/a;n/a
304;n/a;n/a;n/a;n/a;n/a
305;n/a;n/a;n/a;n/a;n/a
306;n/a;n/a;n/a;n/a;n/a
307;n/a;n/a;n/a;n/a;n/a
308;n/a;n/a;n/a;n/a;n/a
309;n/a;n/a;n/a;n/a;n/a
310;n/a;n/a;n/a;n/a;n/a
311;n/a;n/a;n/a;n/a;n/a
312;n/a;n/a;n/a;n/a;n/a
313;n/a;n/a;n/a;n/a;n/a
314;n/a;n/a;n/a;n/a;n/a
315;n/a;n/a;n/a;n/a;n/a
316;n/a;n/a;n/a;n/a;n/a
317;n/a;n/a;n/a;n/a;n/a
318;n/a;n/a;n/a;n/a;n/a
319;n/a;n/a;n/a;n/a;n/a
320;n/a;n/a;n/a;n/a;n/a
321;n/a;n/a;n/a;n/a;n/a
322;n/a;n/a;n/a;n/a;n/a
323;n/a;n/a;n/a;n/a;n/a
324;n/a;n/a;n/a;n/a;n/a
325;n/a;n/a;n/a;n/a;n/a
326;n/a;n/a;n/a;n/a;n/a
327;n/a;n/a;n/a;n/a;n/a
328;n/a;n/a;n/a;n/a;n/a
329;n/a;n/a;n/a;n/a;n/a
330;n/a;n/a;n/a;n/a;n/a
331;n/a;n/a;n/a;n/a;n/a
332;n/a;n/a;n/a;n/a;n/a
333;n/a;n/a;n/a;n/a;n/a
334;n/a;n/a;n/a;n/a;n/a
335;n/a;n/a;n/a;n/a;n/a
336;n/a;n/a;n/a;n/a;n/a
337;n/a;n/a;n/a;n/a;n/a
338;n/a;n/a;n/a;n/a;n/a
339;n/a;n/a;n/a;n/a;n/a
340;n/a;n/a;n/a;n/a;n/a
341;n/a;n/a;n/a;n/a;n/a
342;n/a;n/a;n/a;n/a;n/a
343;n/a;n/a;n/a;n/a;n/a
344;n/a;n/a;n/a;n/a;n/a
345;n/a;n/a;n/a;n/a;n/a
346;n/a;n/a;n/a;n/a;n/a
347;n/a;n/a;n/a;n/a;n/a
348;n/a;n/a;n/a;n/a;n/a
349;n/a;n/a;n/a;n/a;n/a
350;n/a;n/a;n/a;n/a;n/a
351;n/a;n/a;n/a;n/a;n/a
352;n/a;n/a;n/a;n/a;n/a
353;n/a;n/a;n/a;n/a;n/a
354;n/a;n/a;n/a;n/a;n/a
355;n/a;n/a;n/a;n/a;n/a
356;n/a;n/a;n/a;n/a;n/a
357;n/a;n/a;n/a;n/a;n/a
358;n/a;n/a;n/a;n/a;n/a
359;n/a;n/a;n/a;n/a;n/a
360;n/a;n/a;n/a;n/a;n/a
361;n/a;n/a;n/a;n/a;n/a
362;n/a;n/a;n/a;n/a;n/a
363;n/a;n/a;n/a;n/a;n/a
364;n/a;n/a;n/a;n/a;n/a
365;n/a;n/a;n/a;n/a;n/a
366;n/a;n/a;n/a;n/a;n/a
367;n/a;n/a;n/a;n/a;n/a
368;n/a;n/a;n/a;n/a;n/a
369;n/a;n/a;n/a;n/a;n/a
370;n/a;n/a;n/a;n/a;n/a
371;n/a;n/a;n/a;n/a;n/a
372;n/a;n/a;n/a;n/a;n/a
373;n/a;n/a;n/a;n/a;n/a
374;n/a;n/a;n/a;n/a;n/a
375;n/a;n/a;n/a;n/a;n/a
376;n/a;n/a;n/a;n/a;n/a
377;n/a;n/a;n/a;n/a;n/a
378;n/a;n/a;n/a;n/a;n/a
379;n/a;n/a;n/a;n/a;n/a
380;n/a;n/a;n/a;n/a;n/a
381;n/a;n/a;n/a;n/a;n/a
382;n/a;n/a;n/a;n/a;n/a
383;n/a;n/a;n/a;n/a;n/a
384;n/a;n/a;n/a;n/a;n/a
385;n/a;n/a;n/a;n/a;n/a
386;n/a;n/a;n/a;n/a;n/a
387;n/a;n/a;n/a;n/a;n/a
388;n/a;n/a;n/a;n/a;n/a
389;n/a;n/a;n/a;n/a;n/a
390;n/a;n/a;n/a;n/a;n/a
391;n/a;n/a;n/a;n/a;n/a
392;n/a;n/a;n/a;n/a;n/a
393;n/a;n/a;n/a;n/a;n/a
394;n/a;n/a;n/a;n/a;n/a
395;n/a;n/a;n/a;n/a;n/a
396;n/a;n/a;n/a;n/a;n/a
397;n/a;n/a;n/a;n/a;n/a
398;n/a;n/a;n/a;n/a;n/a
399;n/a;n/a;n/a;n/a;n/a
400;n/a;n/a;n/a;n/a;n/a
401;n/a;n/a;n/a;n/a;n/a
402;n/a;n/a;n/a;n/a;n/a
403;n/a;n/a;n/a;n/a;n/a
404;n/a;n/a;n/a;n/a;n/a
405;n/a;n/a;n/a;n/a;n/a
406;n/a;n/a;n/a;n/a;n/a
407;n/a;n/a;n/a;n/a;n/a
408;n/a;n/a;n/a;n/a;n/a
409;n/a;n/a;n/a;n/a;n/a
410;n/a;n/a;n/a;n/a;n/a
411;n/a;n/a;n/a;n/a;n/a
412;n/a;n/a;n/a;n/a;n/a
413;n/a;n/a;n/a;n/a;n/a
414;n/a;n/a;n/a;n/a;n/a
415;n/a;n/a;n/a;n/a;n/a
416;n/a;n/a;n/a;n/a;n/a
417;n/a;n/a;n/a;n/a;n/a
418;n/a;n/a;n/a;n/a;n/a
419;n/a;n/a;n/a;n/a;n/a
420;n/a;n/a;n/a;n/a;n/a
421;n/a;n/a;n/a;n/a;n/a
422;n/a;n/a;n/a;n/a;n/a
423;n/a;n/a;n/a;n/a;n/a
424;n/a;n/a;n/a;n/a;n/a
425;n/a;n/a;n/a;n/a;n/a
426;n/a;n/a;n/a;n/a;n/a
427;n/a;n/a;n/a;n/a;n/a
428;n/a;n/a;n/a;n/a;n/a
429;n/a;n/a;n/a;n/a;n/a
430;n/a;n/a;n/a;n/a;n/a
431;n/a;n/a;n/a;n/a;n/a
432;n/a;n/a;n/a;n/a;n/a
433;n/a;n/a;n/a;n/a;n/a
434;n/a;n/a;n/a;n/a;n/a
435;n/a;n/a;n/a;n/a;n/a
436;n/a;n/a;n/a;n/a;n/a
437;n/a;n/a;n/a;n/a;n/a
438;n/a;n/a;n/a;n/a;n/a
439;n/a;n/a;n/a;n/a;n/a
440;n/a;n/a;n/a;n/a;n/a
441;n/a;n/a;n/a;n/a;n/a
442;n/a;n/a;n/a;n/a;n/a
443;n/a;n/a;n/a;n/a;n/a
444;n/a;n/a;n/a;n/a;n/a
445;n/a;n/a;n/a;n/a;n/a
446;n/a;n/a;n/a;n/a;n/a
447;n/a;n/a;n/a;n/a;n/a
448;n/a;n/a;n/a;n/a;n/a
449;n/a;n/a;n/a;n/a;n/a
450;n/a;n/a;n/a;n/a;n/a
451;n/a;n/a;n/a;n/a;n/a
452;n/a;n/a;n/a;n/a;n/a
453;n/a;n/a;n/a;n/a;n/a
454;n/a;n/a;n/a;n/a;n/a
455;n/a;n/a;n/a;n/a;n/a
456;n/a;n/a;n/a;n/a;n/a
457;n/a;n/a;n/a;n/a;n/a
458;n/a;n/a;n/a;n/a;n/a
459;n/a;n/a;n/a;n/a;n/a
460;n/a;n/a;n/a;n/a;n/a
461;n/a;n/a;n/a;n/a;n/a
462;n/a;n/a;n/a;n/a;n/a
463;n/a;n/a;n/a;n/a;n/a
464;n/a;n/a;n/a;n/a;n/a
465;n/a;n/a;n/a;n/a;n/a
466;n/a;n/a;n/a;n/a;n/a
467;n/a;n/a;n/a;n/a;n/a
468;n/a;n/a;n/a;n/a;n/a
469;n/a;n/a;n/a;n/a;n/a
470;n/a;n/a;n/a;n/a;n/a
471;n/a;n/a;n/a;n/a;n/a
472;n/a;n/a;n/a;n/a;n/a
473;n/a;n/a;n/a;n/a;n/a
474;n/a;n/a;n/a;n/a;n/a
475;n/a;n/a;n/a;n/a;n/a
476;n/a;n/a;n/a;n/a;n/a
477;n/a;n/a;n/a;n/a;n/a
478;n/a;n/a;n/a;n/a;n/a
479;n/a;n/a;n/a;n/a;n/a
480;n/a;n/a;n/a;n/a;n/a
481;n/a;n/a;n/a;n/a;n/a
482;n/a;n/a;n/a;n/a;n/a
483;n/a;n/a;n/a;n/a;n/a
484;n/a;n/a;n/a;n/a;n/a
485;n/a;n/a;n/a;n/a;n/a
486;n/a;n/a;n/a;n/a;n/a
487;n/a;n/a;n/a;n/a;n/a
488;n/a;n/a;n/a;n/a;n/a
489;n/a;n/a;n/a;n/a;n/a
490;n/a;n/a;n/a;n/a;n/a
491;n/a;n/a;n/a;n/a;n/a
492;n/a;n/a;n/a;n/a;n/a
493;n/a;n/a;n/a;n/a;n/a
494;n/a;n/a;n/a;n/a;n/a
495;n/a;n/a;n/a;n/a;n/a
496;n/a;n/a;n/a;n/a;n/a
497;n/a;n/a;n/a;n/a;n/a
498;n/a;n/a;n/a;n/a;n/a
499;n/a;n/a;n/a;n/a;n/a
500;n/a;n/a;n/a;n/a;n/a
501;n/a;n/a;n/a;n/a;n/a
502;n/a;n/a;n/a;n/a;n/a
503;n/a;n/a;n/a;n/a;n/a
504;n/a;n/a;n/a;n/a;n/a
505;n/a;n/a;n/a;n/a;n/a
506;n/a;n/a;n/a;n/a;n/a
507;n/a;n/a;n/a;n/a;n/a
508;n/a;n/a;n/a;n/a;n/a
509;n/a;n/a;n/a;n/a;n/a
510;n/a;n/a;n/a;n/a;n/a
511;n/a;n/a;n/a;n/a;n/a
512;n/a;n/a;n/a;n/a;n/a
513;n/a;n/a;n/a;n/a;n/a
514;n/a;n/a;n/a;n/a;n/a
515;n/a;n/a;n/a;n/a;n/a
516;n/a;n/a;n/a;n/a;n/a
517;n/a;n/a;n/a;n/a;n/a
518;n/a;n/a;n/a;n/a;n/a
519;n/a;n/a;n/a;n/a;n/a
520;n/a;n/a;n/a;n/a;n/a
521;n/a;n/a;n/a;n/a;n/a
522;n/a;n/a;n/a;n/a;n/a
523;n/a;n/a;n/a;n/a;n/a
524;n/a;n/a;n/a;n/a;n/a
525;n/a;n/a;n/a;n/a;n/a
526;n/a;n/a;n/a;n/a;n/a
527;n/a;n/a;n/a;n/a;n/a
528;n/a;n/a;n/a;n/a;n/a
529;n/a;n/a;n/a;n/a;n/a
530;n/a;n/a;n/a;n/a;n/a
531;n/a;n/a;n/a;n/a;n/a
532;n/a;n/a;n/a;n/a;n/a
533;n/a;n/a;n/a;n/a;n/a
534;n/a;n/a;n/a;n/a;n/a
535;n/a;n/a;n/a;n/a;n/a
536;n/a;n/a;n/a;n/a;n/a
537;n/a;n/a;n/a;n/a;n/a
538;n/a;n/a;n/a;n/a;n/a
539;n/a;n/a;n/a;n/a;n/a
540;n/a;n/a;n/a;n/a;n/a
541;n/a;n/a;n/a;n/a;n/a
542;n/a;n/a;n/a;n/a;n/a
543;n/a;n/a;n/a;n/a;n/a
544;n/a;n/a;n/a;n/a;n/a
545;n/a;n/a;n/a;n/a;n/a
546;n/a;n/a;n/a;n/a;n/a
547;n/a;n/a;n/a;n/a;n/a
548;n/a;n/a;n/a;n/a;n/a
549;n/a;n/a;n/a;n/a;n/a
550;n/a;n/a;n/a;n/a;n/a
551;n/a;n/a;n/a;n/a;n/a
552;n/a;n/a;n/a;n/a;n/a
553;n/a;n/a;n/a;n/a;n/a
554;n/a;n/a;n/a;n/a;n/a
555;;;;;9850,9863
556;n/a;n/a;n/a;n/a;n/a
557;n/a;n/a;n/a;n/a;n/a
558;n/a;n/a;n/a;n/a;n/a
559;n/a;n/a;n/a;n/a;n/a
560;n/a;n/a;n/a;n/a;n/a
561;n/a;n/a;n/a;n/a;n/a
562;n/a;n/a;n/a;n/a;n/a
563;n/a;n/a;n/a;n/a;n/a
564;n/a;n/a;n/a;n/a;n/a
565;n/a;n/a;n/a;n/a;n/a
566;n/a;n/a;n/a;n/a;n/a
567;n/a;n/a;n/a;n/a;n/a
568;n/a;n/a;n/a;n/a;n/a
569;n/a;n/a;n/a;n/a;n/a
570;n/a;n/a;n/a;n/a;n/a
571;n/a;n/a;n/a;n/a;n/a
572;n/a;n/a;n/a;n/a;n/a
573;n/a;n/a;n/a;n/a;n/a
574;n/a;n/a;n/a;n/a;n/a
575;n/a;n/a;n/a;n/a;n/a
576;n/a;n/a;n/a;n/a;n/a
577;n/a;n/a;n/a;n/a;n/a
578;n/a;n/a;n/a;n/a;n/a
579;n/a;n/a;n/a;n/a;n/a
580;n/a;n/a;n/a;n/a;n/a
581;n/a;n/a;n/a;n/a;n/a
582;n/a;n/a;n/a;n/a;n/a
583;n/a;n/a;n/a;n/a;n/a
584;n/a;n/a;n/a;n/a;n/a
585;n/a;n/a;n/a;n/a;n/a
586;n/a;n/a;n/a;n/a;n/a
587;n/a;n/a;n/a;n/a;n/a
588;n/a;n/a;n/a;n/a;n/a
589;n/a;n/a;n/a;n/a;n/a
590;n/a;n/a;n/a;n/a;n/a
591;n/a;n/a;n/a;n/a;n/a
592;n/a;n/a;n/a;n/a;n/a
593;n/a;n/a;n/a;n/a;n/a
594;n/a;n/a;n/a;n/a;n/a
595;n/a;n/a;n/a;n/a;n/a
596;n/a;n/a;n/a;n/a;n/a
597;n/a;n/a;n/a;n/a;n/a
598;n/a;n/a;n/a;n/a;n/a
599;n/a;n/a;n/a;n/a;n/a
600;n/a;n/a;n/a;n/a;n/a
601;{:en}Wired Glass{:}{:fr}Verre Broché{:};;{:fr}Verre Broché Clair 6mm{:}{:en}Clear wire glass 6mm{:};https://elementdebase.com/wp-content/uploads/2016/09/materials-600x600_0002_verre-broche.jpg;9923,9927,9931
602;{:en}Rippled Glass{:}{:fr}Verre Ondulé{:};;{:fr}Verre Ondulé Clair 4mm{:}{:en}Rippled glass 4mm{:};https://elementdebase.com/wp-content/uploads/2016/09/materials-600x600_0001_flutex.jpg;9922,9926,9930
603;{:en}White Marble{:}{:fr}Marbre Blanc{:};;{:fr}Marbre Blanc Carrera 2cm{:}{:en}White Carrera Marble 2cm{:};https://elementdebase.com/wp-content/uploads/2016/09/materials-600x600_0000_marbre.jpg;9921,9925,9929
604;{:en}Metal Frame Only{:}{:fr}Base Métal Seule{:};;;https://elementdebase.com/wp-content/uploads/2016/09/cdda3ece-8717-11e6-8d4c-a6ec3f2fa61c.jpg;9920,9924,9928
605;n/a;n/a;n/a;n/a;n/a
606;n/a;n/a;n/a;n/a;n/a
607;n/a;n/a;n/a;n/a;n/a
608;n/a;n/a;n/a;n/a;n/a
609;n/a;n/a;n/a;n/a;n/a
610;n/a;n/a;n/a;n/a;n/a
611;n/a;n/a;n/a;n/a;n/a
612;n/a;n/a;n/a;n/a;n/a
613;n/a;n/a;n/a;n/a;n/a
614;n/a;n/a;n/a;n/a;n/a
615;n/a;n/a;n/a;n/a;n/a
616;n/a;n/a;n/a;n/a;n/a
617;n/a;n/a;n/a;n/a;n/a
618;n/a;n/a;n/a;n/a;n/a
619;n/a;n/a;n/a;n/a;n/a
620;n/a;n/a;n/a;n/a;n/a
621;n/a;n/a;n/a;n/a;n/a
622;n/a;n/a;n/a;n/a;n/a
623;n/a;n/a;n/a;n/a;n/a
624;n/a;n/a;n/a;n/a;n/a
625;n/a;n/a;n/a;n/a;n/a
626;n/a;n/a;n/a;n/a;n/a
627;n/a;n/a;n/a;n/a;n/a
628;n/a;n/a;n/a;n/a;n/a
629;n/a;n/a;n/a;n/a;n/a
630;n/a;n/a;n/a;n/a;n/a
631;n/a;n/a;n/a;n/a;n/a
632;n/a;n/a;n/a;n/a;n/a
633;n/a;n/a;n/a;n/a;n/a
634;n/a;n/a;n/a;n/a;n/a
635;n/a;n/a;n/a;n/a;n/a
636;n/a;n/a;n/a;n/a;n/a
637;n/a;n/a;n/a;n/a;n/a
638;n/a;n/a;n/a;n/a;n/a
639;n/a;n/a;n/a;n/a;n/a
640;n/a;n/a;n/a;n/a;n/a
641;n/a;n/a;n/a;n/a;n/a
642;n/a;n/a;n/a;n/a;n/a
643;n/a;n/a;n/a;n/a;n/a
644;n/a;n/a;n/a;n/a;n/a
645;n/a;n/a;n/a;n/a;n/a
646;n/a;n/a;n/a;n/a;n/a
647;n/a;n/a;n/a;n/a;n/a
648;n/a;n/a;n/a;n/a;n/a
649;n/a;n/a;n/a;n/a;n/a
650;n/a;n/a;n/a;n/a;n/a
651;n/a;n/a;n/a;n/a;n/a
652;n/a;n/a;n/a;n/a;n/a
653;n/a;n/a;n/a;n/a;n/a
654;n/a;n/a;n/a;n/a;n/a
655;n/a;n/a;n/a;n/a;n/a
656;n/a;n/a;n/a;n/a;n/a
657;n/a;n/a;n/a;n/a;n/a
658;n/a;n/a;n/a;n/a;n/a
659;n/a;n/a;n/a;n/a;n/a
660;n/a;n/a;n/a;n/a;n/a
661;n/a;n/a;n/a;n/a;n/a
662;n/a;n/a;n/a;n/a;n/a
663;n/a;n/a;n/a;n/a;n/a
664;n/a;n/a;n/a;n/a;n/a
665;n/a;n/a;n/a;n/a;n/a
666;n/a;n/a;n/a;n/a;n/a
667;n/a;n/a;n/a;n/a;n/a
668;n/a;n/a;n/a;n/a;n/a
669;n/a;n/a;n/a;n/a;n/a
670;n/a;n/a;n/a;n/a;n/a
671;n/a;n/a;n/a;n/a;n/a
672;n/a;n/a;n/a;n/a;n/a
673;n/a;n/a;n/a;n/a;n/a
674;n/a;n/a;n/a;n/a;n/a
675;n/a;n/a;n/a;n/a;n/a
676;n/a;n/a;n/a;n/a;n/a
677;n/a;n/a;n/a;n/a;n/a
678;n/a;n/a;n/a;n/a;n/a
679;n/a;n/a;n/a;n/a;n/a
680;n/a;n/a;n/a;n/a;n/a
681;n/a;n/a;n/a;n/a;n/a
682;n/a;n/a;n/a;n/a;n/a
683;n/a;n/a;n/a;n/a;n/a
684;n/a;n/a;n/a;n/a;n/a
685;n/a;n/a;n/a;n/a;n/a
686;n/a;n/a;n/a;n/a;n/a
687;n/a;n/a;n/a;n/a;n/a
688;n/a;n/a;n/a;n/a;n/a
689;n/a;n/a;n/a;n/a;n/a
690;n/a;n/a;n/a;n/a;n/a
691;n/a;n/a;n/a;n/a;n/a
692;n/a;n/a;n/a;n/a;n/a
693;n/a;n/a;n/a;n/a;n/a
694;n/a;n/a;n/a;n/a;n/a
695;n/a;n/a;n/a;n/a;n/a
696;n/a;n/a;n/a;n/a;n/a
697;n/a;n/a;n/a;n/a;n/a
698;n/a;n/a;n/a;n/a;n/a
699;n/a;n/a;n/a;n/a;n/a
700;n/a;n/a;n/a;n/a;n/a
701;n/a;n/a;n/a;n/a;n/a
702;n/a;n/a;n/a;n/a;n/a
703;n/a;n/a;n/a;n/a;n/a
704;n/a;n/a;n/a;n/a;n/a
705;n/a;n/a;n/a;n/a;n/a
706;n/a;n/a;n/a;n/a;n/a
707;n/a;n/a;n/a;n/a;n/a
708;n/a;n/a;n/a;n/a;n/a
709;n/a;n/a;n/a;n/a;n/a
710;n/a;n/a;n/a;n/a;n/a
711;n/a;n/a;n/a;n/a;n/a
712;n/a;n/a;n/a;n/a;n/a
713;n/a;n/a;n/a;n/a;n/a
714;n/a;n/a;n/a;n/a;n/a
715;n/a;n/a;n/a;n/a;n/a
716;n/a;n/a;n/a;n/a;n/a
717;n/a;n/a;n/a;n/a;n/a
718;n/a;n/a;n/a;n/a;n/a
719;n/a;n/a;n/a;n/a;n/a
720;n/a;n/a;n/a;n/a;n/a
721;n/a;n/a;n/a;n/a;n/a
722;n/a;n/a;n/a;n/a;n/a
723;n/a;n/a;n/a;n/a;n/a
724;n/a;n/a;n/a;n/a;n/a
725;n/a;n/a;n/a;n/a;n/a
726;n/a;n/a;n/a;n/a;n/a
727;n/a;n/a;n/a;n/a;n/a
728;n/a;n/a;n/a;n/a;n/a
729;n/a;n/a;n/a;n/a;n/a
730;n/a;n/a;n/a;n/a;n/a
731;n/a;n/a;n/a;n/a;n/a
732;n/a;n/a;n/a;n/a;n/a
733;n/a;n/a;n/a;n/a;n/a
734;n/a;n/a;n/a;n/a;n/a
735;n/a;n/a;n/a;n/a;n/a
736;n/a;n/a;n/a;n/a;n/a
737;n/a;n/a;n/a;n/a;n/a
738;n/a;n/a;n/a;n/a;n/a
739;n/a;n/a;n/a;n/a;n/a
740;n/a;n/a;n/a;n/a;n/a
741;n/a;n/a;n/a;n/a;n/a
742;n/a;n/a;n/a;n/a;n/a
743;n/a;n/a;n/a;n/a;n/a
744;n/a;n/a;n/a;n/a;n/a
745;n/a;n/a;n/a;n/a;n/a
746;n/a;n/a;n/a;n/a;n/a
747;n/a;n/a;n/a;n/a;n/a
748;n/a;n/a;n/a;n/a;n/a
749;n/a;n/a;n/a;n/a;n/a
750;n/a;n/a;n/a;n/a;n/a
751;n/a;n/a;n/a;n/a;n/a
752;n/a;n/a;n/a;n/a;n/a
753;n/a;n/a;n/a;n/a;n/a
754;n/a;n/a;n/a;n/a;n/a
755;n/a;n/a;n/a;n/a;n/a
756;n/a;n/a;n/a;n/a;n/a
757;n/a;n/a;n/a;n/a;n/a
758;n/a;n/a;n/a;n/a;n/a
759;n/a;n/a;n/a;n/a;n/a
760;n/a;n/a;n/a;n/a;n/a
761;n/a;n/a;n/a;n/a;n/a
762;n/a;n/a;n/a;n/a;n/a
763;n/a;n/a;n/a;n/a;n/a
764;n/a;n/a;n/a;n/a;n/a
765;n/a;n/a;n/a;n/a;n/a
766;n/a;n/a;n/a;n/a;n/a
767;n/a;n/a;n/a;n/a;n/a
768;n/a;n/a;n/a;n/a;n/a
769;n/a;n/a;n/a;n/a;n/a
770;n/a;n/a;n/a;n/a;n/a
771;n/a;n/a;n/a;n/a;n/a
772;n/a;n/a;n/a;n/a;n/a
773;n/a;n/a;n/a;n/a;n/a
774;n/a;n/a;n/a;n/a;n/a
775;n/a;n/a;n/a;n/a;n/a
776;n/a;n/a;n/a;n/a;n/a
777;n/a;n/a;n/a;n/a;n/a
778;n/a;n/a;n/a;n/a;n/a
779;n/a;n/a;n/a;n/a;n/a
780;n/a;n/a;n/a;n/a;n/a
781;n/a;n/a;n/a;n/a;n/a
782;n/a;n/a;n/a;n/a;n/a
783;n/a;n/a;n/a;n/a;n/a
784;n/a;n/a;n/a;n/a;n/a
785;n/a;n/a;n/a;n/a;n/a
786;n/a;n/a;n/a;n/a;n/a
787;n/a;n/a;n/a;n/a;n/a
788;n/a;n/a;n/a;n/a;n/a
789;n/a;n/a;n/a;n/a;n/a
790;n/a;n/a;n/a;n/a;n/a
791;n/a;n/a;n/a;n/a;n/a
792;n/a;n/a;n/a;n/a;n/a
793;n/a;n/a;n/a;n/a;n/a
794;n/a;n/a;n/a;n/a;n/a
795;n/a;n/a;n/a;n/a;n/a
796;n/a;n/a;n/a;n/a;n/a
797;n/a;n/a;n/a;n/a;n/a
798;n/a;n/a;n/a;n/a;n/a
799;n/a;n/a;n/a;n/a;n/a
800;n/a;n/a;n/a;n/a;n/a
801;n/a;n/a;n/a;n/a;n/a
802;n/a;n/a;n/a;n/a;n/a
803;n/a;n/a;n/a;n/a;n/a
804;n/a;n/a;n/a;n/a;n/a
805;n/a;n/a;n/a;n/a;n/a
806;n/a;n/a;n/a;n/a;n/a
807;n/a;n/a;n/a;n/a;n/a
808;n/a;n/a;n/a;n/a;n/a
809;n/a;n/a;n/a;n/a;n/a
810;n/a;n/a;n/a;n/a;n/a
811;n/a;n/a;n/a;n/a;n/a
812;n/a;n/a;n/a;n/a;n/a
813;n/a;n/a;n/a;n/a;n/a
814;n/a;n/a;n/a;n/a;n/a
815;n/a;n/a;n/a;n/a;n/a
816;n/a;n/a;n/a;n/a;n/a
817;n/a;n/a;n/a;n/a;n/a
818;n/a;n/a;n/a;n/a;n/a
819;n/a;n/a;n/a;n/a;n/a
820;n/a;n/a;n/a;n/a;n/a
821;n/a;n/a;n/a;n/a;n/a
822;n/a;n/a;n/a;n/a;n/a
823;n/a;n/a;n/a;n/a;n/a
824;n/a;n/a;n/a;n/a;n/a
825;n/a;n/a;n/a;n/a;n/a
826;n/a;n/a;n/a;n/a;n/a
827;n/a;n/a;n/a;n/a;n/a
828;n/a;n/a;n/a;n/a;n/a
829;n/a;n/a;n/a;n/a;n/a
830;n/a;n/a;n/a;n/a;n/a
831;n/a;n/a;n/a;n/a;n/a
832;n/a;n/a;n/a;n/a;n/a
833;n/a;n/a;n/a;n/a;n/a
834;n/a;n/a;n/a;n/a;n/a
835;n/a;n/a;n/a;n/a;n/a
836;n/a;n/a;n/a;n/a;n/a
837;n/a;n/a;n/a;n/a;n/a
838;n/a;n/a;n/a;n/a;n/a
839;n/a;n/a;n/a;n/a;n/a
840;n/a;n/a;n/a;n/a;n/a
841;n/a;n/a;n/a;n/a;n/a
842;n/a;n/a;n/a;n/a;n/a
843;n/a;n/a;n/a;n/a;n/a
844;n/a;n/a;n/a;n/a;n/a
845;n/a;n/a;n/a;n/a;n/a
846;n/a;n/a;n/a;n/a;n/a
847;n/a;n/a;n/a;n/a;n/a
848;n/a;n/a;n/a;n/a;n/a
849;n/a;n/a;n/a;n/a;n/a
850;n/a;n/a;n/a;n/a;n/a
851;n/a;n/a;n/a;n/a;n/a
852;n/a;n/a;n/a;n/a;n/a
853;n/a;n/a;n/a;n/a;n/a
854;n/a;n/a;n/a;n/a;n/a
855;n/a;n/a;n/a;n/a;n/a
856;n/a;n/a;n/a;n/a;n/a
857;n/a;n/a;n/a;n/a;n/a
858;n/a;n/a;n/a;n/a;n/a
859;n/a;n/a;n/a;n/a;n/a
860;n/a;n/a;n/a;n/a;n/a
861;n/a;n/a;n/a;n/a;n/a
862;n/a;n/a;n/a;n/a;n/a
863;n/a;n/a;n/a;n/a;n/a
864;n/a;n/a;n/a;n/a;n/a
865;n/a;n/a;n/a;n/a;n/a
866;n/a;n/a;n/a;n/a;n/a
867;n/a;n/a;n/a;n/a;n/a
868;n/a;n/a;n/a;n/a;n/a
869;n/a;n/a;n/a;n/a;n/a
870;n/a;n/a;n/a;n/a;n/a
871;n/a;n/a;n/a;n/a;n/a
872;n/a;n/a;n/a;n/a;n/a
873;n/a;n/a;n/a;n/a;n/a
874;n/a;n/a;n/a;n/a;n/a
875;n/a;n/a;n/a;n/a;n/a
876;n/a;n/a;n/a;n/a;n/a
877;n/a;n/a;n/a;n/a;n/a
878;n/a;n/a;n/a;n/a;n/a
879;n/a;n/a;n/a;n/a;n/a
880;n/a;n/a;n/a;n/a;n/a
881;n/a;n/a;n/a;n/a;n/a
882;n/a;n/a;n/a;n/a;n/a
883;n/a;n/a;n/a;n/a;n/a
884;n/a;n/a;n/a;n/a;n/a
885;n/a;n/a;n/a;n/a;n/a
886;n/a;n/a;n/a;n/a;n/a
887;n/a;n/a;n/a;n/a;n/a
888;n/a;n/a;n/a;n/a;n/a
889;n/a;n/a;n/a;n/a;n/a
890;n/a;n/a;n/a;n/a;n/a
891;n/a;n/a;n/a;n/a;n/a
892;n/a;n/a;n/a;n/a;n/a
893;n/a;n/a;n/a;n/a;n/a
894;n/a;n/a;n/a;n/a;n/a
895;n/a;n/a;n/a;n/a;n/a
896;n/a;n/a;n/a;n/a;n/a
897;n/a;n/a;n/a;n/a;n/a
898;n/a;n/a;n/a;n/a;n/a
899;n/a;n/a;n/a;n/a;n/a
900;n/a;n/a;n/a;n/a;n/a
901;n/a;n/a;n/a;n/a;n/a
902;n/a;n/a;n/a;n/a;n/a
903;n/a;n/a;n/a;n/a;n/a
904;n/a;n/a;n/a;n/a;n/a
905;n/a;n/a;n/a;n/a;n/a
906;n/a;n/a;n/a;n/a;n/a
907;n/a;n/a;n/a;n/a;n/a
908;n/a;n/a;n/a;n/a;n/a
909;n/a;n/a;n/a;n/a;n/a
910;n/a;n/a;n/a;n/a;n/a
911;n/a;n/a;n/a;n/a;n/a
912;n/a;n/a;n/a;n/a;n/a
913;n/a;n/a;n/a;n/a;n/a
914;n/a;n/a;n/a;n/a;n/a
915;n/a;n/a;n/a;n/a;n/a
916;n/a;n/a;n/a;n/a;n/a
917;n/a;n/a;n/a;n/a;n/a
918;n/a;n/a;n/a;n/a;n/a
919;n/a;n/a;n/a;n/a;n/a
920;n/a;n/a;n/a;n/a;n/a
921;n/a;n/a;n/a;n/a;n/a
922;n/a;n/a;n/a;n/a;n/a
923;n/a;n/a;n/a;n/a;n/a
924;n/a;n/a;n/a;n/a;n/a
925;n/a;n/a;n/a;n/a;n/a
926;n/a;n/a;n/a;n/a;n/a
927;n/a;n/a;n/a;n/a;n/a
928;n/a;n/a;n/a;n/a;n/a
929;n/a;n/a;n/a;n/a;n/a
930;n/a;n/a;n/a;n/a;n/a
931;n/a;n/a;n/a;n/a;n/a
932;n/a;n/a;n/a;n/a;n/a
933;n/a;n/a;n/a;n/a;n/a
934;n/a;n/a;n/a;n/a;n/a
935;n/a;n/a;n/a;n/a;n/a
936;n/a;n/a;n/a;n/a;n/a
937;n/a;n/a;n/a;n/a;n/a
938;n/a;n/a;n/a;n/a;n/a
939;n/a;n/a;n/a;n/a;n/a
940;n/a;n/a;n/a;n/a;n/a
941;n/a;n/a;n/a;n/a;n/a
942;n/a;n/a;n/a;n/a;n/a
943;n/a;n/a;n/a;n/a;n/a
944;n/a;n/a;n/a;n/a;n/a
945;n/a;n/a;n/a;n/a;n/a
946;n/a;n/a;n/a;n/a;n/a
947;n/a;n/a;n/a;n/a;n/a
948;n/a;n/a;n/a;n/a;n/a
949;n/a;n/a;n/a;n/a;n/a
950;n/a;n/a;n/a;n/a;n/a
951;n/a;n/a;n/a;n/a;n/a
952;n/a;n/a;n/a;n/a;n/a
953;n/a;n/a;n/a;n/a;n/a
954;n/a;n/a;n/a;n/a;n/a
955;n/a;n/a;n/a;n/a;n/a
956;n/a;n/a;n/a;n/a;n/a
957;n/a;n/a;n/a;n/a;n/a
958;n/a;n/a;n/a;n/a;n/a
959;n/a;n/a;n/a;n/a;n/a
960;n/a;n/a;n/a;n/a;n/a
961;n/a;n/a;n/a;n/a;n/a
962;n/a;n/a;n/a;n/a;n/a
963;n/a;n/a;n/a;n/a;n/a
964;n/a;n/a;n/a;n/a;n/a
965;n/a;n/a;n/a;n/a;n/a
966;n/a;n/a;n/a;n/a;n/a
967;n/a;n/a;n/a;n/a;n/a
968;n/a;n/a;n/a;n/a;n/a
969;n/a;n/a;n/a;n/a;n/a
970;n/a;n/a;n/a;n/a;n/a
971;n/a;n/a;n/a;n/a;n/a
972;n/a;n/a;n/a;n/a;n/a
973;n/a;n/a;n/a;n/a;n/a
974;n/a;n/a;n/a;n/a;n/a
975;n/a;n/a;n/a;n/a;n/a
976;n/a;n/a;n/a;n/a;n/a
977;n/a;n/a;n/a;n/a;n/a
978;n/a;n/a;n/a;n/a;n/a
979;n/a;n/a;n/a;n/a;n/a
980;n/a;n/a;n/a;n/a;n/a
981;n/a;n/a;n/a;n/a;n/a
982;n/a;n/a;n/a;n/a;n/a
983;n/a;n/a;n/a;n/a;n/a
984;n/a;n/a;n/a;n/a;n/a
985;n/a;n/a;n/a;n/a;n/a
986;n/a;n/a;n/a;n/a;n/a
987;n/a;n/a;n/a;n/a;n/a
988;n/a;n/a;n/a;n/a;n/a
989;n/a;n/a;n/a;n/a;n/a
990;n/a;n/a;n/a;n/a;n/a
991;n/a;n/a;n/a;n/a;n/a
992;n/a;n/a;n/a;n/a;n/a
993;n/a;n/a;n/a;n/a;n/a
994;n/a;n/a;n/a;n/a;n/a
995;n/a;n/a;n/a;n/a;n/a
996;n/a;n/a;n/a;n/a;n/a
997;n/a;n/a;n/a;n/a;n/a
998;n/a;n/a;n/a;n/a;n/a
999;;;;;1534,9073